file	package	branch	repository	architecture
/usr/include/cogl/cogl/cogl-version.h	cogl-dev	edge	main	x86_64
/usr/include/dpkg/deb-version.h	dpkg-dev	edge	main	x86_64
/usr/include/dpkg/version.h	dpkg-dev	edge	main	x86_64
/usr/include/guile/2.0/libguile/version.h	guile-dev	edge	main	x86_64
/usr/include/wx-2.8/wx/version.h	wxgtk2.8-dev	edge	main	x86_64
/usr/include/libotr/version.h	libotr3-dev	edge	main	x86_64
/usr/include/json/version.h	jsoncpp-dev	edge	main	x86_64
/usr/include/sng_tc/sng_tc_version.h	sngtc_client-dev	edge	main	x86_64
/usr/include/unique-3.0/unique/uniqueversion.h	libunique3-dev	edge	main	x86_64
/usr/include/directfb/directfb_version.h	directfb-dev	edge	main	x86_64
/usr/include/ilbc/version.h	ilbc-dev	edge	main	x86_64
/usr/include/CLucene/ext/boost/version.hpp	clucene-dev	edge	main	x86_64
/usr/include/pgm-5.2/pgm/version.h	openpgm-dev	edge	main	x86_64
/usr/include/libotr/version.h	libotr-dev	edge	main	x86_64
/usr/share/doc/libdbi-0.9.0/programmers-guide/package-library-version.html	libdbi-doc	edge	main	x86_64
/usr/include/libmp3splt/version.h	libmp3splt-dev	edge	main	x86_64
/usr/include/jasper/jas_version.h	jasper-dev	edge	main	x86_64
/usr/include/valgrind/vki/vki-xen-version.h	valgrind-dev	edge	main	x86_64
/usr/include/gnome-vfs-2.0/libgnomevfs/gnome-vfs-version.h	gnome-vfs-dev	edge	main	x86_64
/usr/include/libcrystalhd/libcrystalhd_version.h	libcrystalhd-dev	edge	main	x86_64
/usr/include/libetpan/libetpan_version.h	libetpan-dev	edge	main	x86_64
/usr/include/unique-1.0/unique/uniqueversion.h	libunique-dev	edge	main	x86_64
/usr/share/syslinux/com32/include/syslinux/version.h	syslinux-dev	edge	main	x86_64
/usr/include/openobex/version.h	openobex-dev	edge	main	x86_64
/usr/include/isl/version.h	isl-dev	edge	main	x86_64
/usr/include/sodium/version.h	libsodium-dev	edge	main	x86_64
/usr/include/spf2/spf_lib_version.h	libspf2-dev	edge	main	x86_64
/usr/include/quvi-0.9/quvi/qversion.h	libquvi-dev	edge	main	x86_64
/usr/share/doc/db/java/com/sleepycat/persist/evolve/Conversion.html	db-doc	edge	main	x86_64
/usr/share/doc/db/java/com/sleepycat/persist/evolve/class-use/Conversion.html	db-doc	edge	main	x86_64
/usr/share/doc/db/api_reference/TCL/version.html	db-doc	edge	main	x86_64
/usr/share/doc/db/api_reference/CXX/envfullversion.html	db-doc	edge	main	x86_64
/usr/share/doc/db/api_reference/CXX/envversion.html	db-doc	edge	main	x86_64
/usr/share/doc/db/api_reference/C/envfullversion.html	db-doc	edge	main	x86_64
/usr/share/doc/db/api_reference/C/envversion.html	db-doc	edge	main	x86_64
/usr/include/yajl/yajl_version.h	yajl-dev	edge	main	x86_64
/usr/include/vte-0.0/vte/vteversion.h	vte-dev	edge	main	x86_64
/usr/include/gstreamer-0.10/gst/gstversion.h	gstreamer0.10-dev	edge	main	x86_64
/usr/include/bonobo-activation-2.0/bonobo-activation/bonobo-activation-version.h	libbonobo-dev	edge	main	x86_64
/usr/include/jasper/jas_version.h	jasper-dev	edge	main	x86
/usr/include/spandsp/version.h	spandsp-dev	edge	main	x86
/usr/include/cogl/cogl/cogl-version.h	cogl-dev	edge	main	x86
/usr/include/bonobo-activation-2.0/bonobo-activation/bonobo-activation-version.h	libbonobo-dev	edge	main	x86
/usr/include/guile/2.0/libguile/version.h	guile-dev	edge	main	x86
/usr/include/libotr/version.h	libotr3-dev	edge	main	x86
/usr/include/json/version.h	jsoncpp-dev	edge	main	x86
/usr/include/sng_tc/sng_tc_version.h	sngtc_client-dev	edge	main	x86
/usr/include/libcrystalhd/libcrystalhd_version.h	libcrystalhd-dev	edge	main	x86
/usr/include/directfb/directfb_version.h	directfb-dev	edge	main	x86
